{"cameraMode":{"drawMode":0,"name":"Shaded","section":"Shading Mode"},"sceneLighting":false,"audioPlay":false,"sceneViewState":{"showFog":true,"showMaterialUpdate":false,"showSkybox":false,"showFlares":true,"showImageEffects":true,"showParticleSystems":true},"in2DMode":false,"pivot":{"x":-0.06298279762268067,"y":-0.03664591908454895,"z":0.3974444270133972},"rotation":{"x":-0.15444961190223695,"y":0.43300381302833559,"z":-0.0755813717842102,"w":-0.8848421573638916},"size":0.9072738885879517,"orthographic":false}